{
 "x86_32": {
  "pl_5B": [0.240445, 0.24011, 0.239975, 0.240392, 0.240118, 0.239973, 0.239914, 0.240001, 0.240828, 0.240576],
  "pl_15B": [0.17823, 0.1778, 0.177825, 0.177914, 0.178385, 0.178393, 0.178636, 0.177799, 0.177872, 0.177878],
  "pl_256B": [0.385403, 0.385547, 0.385656, 0.386113, 0.385443, 0.385587, 0.385751, 0.385516, 0.385187, 0.385449],
  "pl_256KiB": [0.38526, 0.385062, 0.385309, 0.3857, 0.38506, 0.385174, 0.385121, 0.385373, 0.385342, 0.38513],
  "pl_256MiB": [0.79396, 0.79313, 0.791928, 0.793283, 0.792524, 0.792228, 0.793376, 0.792081, 0.792432, 0.793053]
 },
 "x86_128": {
  "pl_5B": [0.611624, 0.611699, 0.611626, 0.611691, 0.611522, 0.611468, 0.61148, 0.611579, 0.611418, 0.611364],
  "pl_15B": [0.372096, 0.372524, 0.372196, 0.372437, 0.37217, 0.37218, 0.372361, 0.372396, 0.372208, 0.372124],
  "pl_256B": [0.336384, 0.336043, 0.336149, 0.336232, 0.335993, 0.336171, 0.336164, 0.335977, 0.336059, 0.336146],
  "pl_256KiB": [0.293673, 0.293725, 0.293958, 0.293913, 0.294443, 0.293971, 0.293919, 0.294036, 0.293941, 0.293751],
  "pl_256MiB": [0.607519, 0.607011, 0.606964, 0.606383, 0.60674, 0.607041, 0.607042, 0.606516, 0.606913, 0.607364]
 },
 "x64_128": {
  "pl_5B": [0.405788, 0.405967, 0.405969, 0.406025, 0.406426, 0.405837, 0.40601, 0.40597, 0.405925, 0.406233],
  "pl_15B": [0.268428, 0.268479, 0.268431, 0.26823, 0.26844, 0.268417, 0.26859, 0.268353, 0.268376, 0.26827],
  "pl_256B": [0.186623, 0.186486, 0.186761, 0.186745, 0.18657, 0.186422, 0.186446, 0.186407, 0.186958, 0.186409],
  "pl_256KiB": [0.164682, 0.164985, 0.164552, 0.164615, 0.164737, 0.164574, 0.164651, 0.164638, 0.164764, 0.164575],
  "pl_256MiB": [0.34504, 0.344536, 0.343896, 0.343784, 0.34425, 0.34432, 0.343986, 0.34481, 0.343915, 0.344394]
 }
}