{
 "x86_32": {
  "pl_5B": [0.481843, 0.481206, 0.481825, 0.481006, 0.481539, 0.481337, 0.481847, 0.480816, 0.481034, 0.481405],
  "pl_15B": [0.35664, 0.356996, 0.356181, 0.356548, 0.356658, 0.356523, 0.356281, 0.35662, 0.355996, 0.356495],
  "pl_256B": [0.386266, 0.386717, 0.386894, 0.386383, 0.385808, 0.386775, 0.386175, 0.388029, 0.390585, 0.388447],
  "pl_256KiB": [0.390781, 0.389139, 0.386706, 0.386164, 0.386133, 0.386475, 0.38608, 0.386398, 0.387876, 0.385845],
  "pl_256MiB": [0.796656, 0.795438, 0.797066, 0.797608, 0.798614, 0.804189, 0.797076, 0.799375, 0.797464, 0.795976]
 },
 "x86_128": {
  "pl_5B": [1.22192, 1.22188, 1.22216, 1.22207, 1.22324, 1.22262, 1.22291, 1.22292, 1.2233, 1.22235],
  "pl_15B": [0.744801, 0.745251, 0.745304, 0.744549, 0.745118, 0.745368, 0.745109, 0.744712, 0.745404, 0.744987],
  "pl_256B": [0.337077, 0.337135, 0.336579, 0.337161, 0.337057, 0.336539, 0.336663, 0.33687, 0.336891, 0.337103],
  "pl_256KiB": [0.29451, 0.293992, 0.293979, 0.294191, 0.294423, 0.294539, 0.294441, 0.293962, 0.294119, 0.294112],
  "pl_256MiB": [0.610099, 0.608672, 0.608947, 0.608948, 0.609375, 0.60935, 0.609084, 0.609287, 0.60862, 0.609891]
 },
 "x64_128": {
  "pl_5B": [0.799728, 0.79896, 0.798937, 0.799648, 0.798847, 0.79917, 0.79857, 0.800457, 0.799335, 0.798771],
  "pl_15B": [0.528708, 0.528634, 0.528904, 0.529054, 0.528779, 0.529066, 0.528501, 0.528604, 0.528925, 0.528772],
  "pl_256B": [0.186752, 0.186846, 0.186532, 0.187391, 0.187146, 0.186843, 0.186855, 0.187088, 0.186576, 0.186884],
  "pl_256KiB": [0.165543, 0.165276, 0.16503, 0.16497, 0.164936, 0.165408, 0.165508, 0.165125, 0.164878, 0.165487],
  "pl_256MiB": [0.347487, 0.345914, 0.346769, 0.346445, 0.346535, 0.347459, 0.346708, 0.347204, 0.345467, 0.346839]
 }
}